{
    "r2": 0.9321721171082675,
    "mae": 0.005731355303238841,
    "mse": 0.0001120206176054881
}